{"cameraMode":{"drawMode":0,"name":"Shaded","section":"Shading Mode"},"sceneLighting":true,"audioPlay":false,"sceneViewState":{"m_AlwaysRefresh":false,"showFog":true,"showSkybox":true,"showFlares":true,"showImageEffects":true,"showParticleSystems":true,"showVisualEffectGraphs":true,"m_FxEnabled":true},"in2DMode":false,"pivot":{"x":51.672821044921878,"y":-20.936416625976564,"z":53.42534637451172},"rotation":{"x":-0.7371877431869507,"y":-0.001627005054615438,"z":0.0017749357502907515,"w":-0.6756886839866638},"size":63.462669372558597,"orthographic":false}