{"cameraMode":{"drawMode":0,"name":"Shaded","section":"Shading Mode"},"sceneLighting":false,"audioPlay":false,"sceneViewState":{"m_AlwaysRefresh":false,"showFog":true,"showSkybox":false,"showFlares":true,"showImageEffects":true,"showParticleSystems":true,"showVisualEffectGraphs":true,"m_FxEnabled":true},"in2DMode":false,"pivot":{"x":0.8454622030258179,"y":-0.07600440829992295,"z":0.491304874420166},"rotation":{"x":0.034460362046957019,"y":0.043756455183029178,"z":-0.0015103673795238138,"w":0.9984463453292847},"size":0.9339744448661804,"orthographic":false}