{"cameraMode":{"drawMode":0,"name":"Shaded","section":"Shading Mode"},"sceneLighting":false,"audioPlay":false,"sceneViewState":{"m_AlwaysRefresh":false,"showFog":true,"showSkybox":false,"showFlares":true,"showImageEffects":true,"showParticleSystems":true,"showVisualEffectGraphs":true,"m_FxEnabled":true},"in2DMode":false,"pivot":{"x":0.41360071301460268,"y":2.0540332794189455,"z":0.32315289974212649},"rotation":{"x":0.07881548255681992,"y":0.004485982935875654,"z":-0.00035467653651721776,"w":0.996878981590271},"size":3.866024971008301,"orthographic":false}